# generated by dist/gen-known-hashes.sh; do not edit. sha256, first label, logical path.
f9501fc312c75e0821a47ca891671c3d7578573036ad868f9243d6f81e6dfe7f	v0.1.0	plugin/.installed-by-peridot
c392ad8415151f3b53bb072c9583878bb68f4bb3da4cab1f99863a92cb61304c	0.1.0+7f89c78	plugin/ChangesView.qml
e391e5de6f48fa2223a42ec1dab43a5a33eccf566fccaf5bf4562495e23a6aef	0.1.0+7f89c78	plugin/ComputersView.qml
50c84aabc81394ab86e66ceb7eaa8a9d84739bcd85ecc12b6fc45e621cd13bda	0.1.0+7f89c78	plugin/FileRow.qml
0535b83738a0e022ed7141b00dc2985290c47ab7deccbbb28b26a445940386aa	0.1.0+7f89c78	plugin/PairCard.qml
fa30e540ec006204449b8615a547a4272f1d0c6f7154410bbd43daa1c674da36	0.1.0+03cd27e	plugin/PairCard.qml
38a4e45cefa82c99fdfd0f0454df20da51561a372cc861897e54ab6eae5ce646	0.1.0+7fb264a	plugin/PeridotPanel.qml
49168a39c90b4a9cbe6570ae5ae99298a0645deaaadc1f8b73d25be63125116c	0.1.0+03cd27e	plugin/PeridotPanel.qml
6f1078275b1a874fb4dd2bf26a4f9d8b8008601ad312ce16fcde106ead67bfe2	0.1.0+2088383	plugin/PeridotPanel.qml
d77c392a567aba3dc9aebe3d3a0a7d0eda729b5bc93e01ef1c5346a1e095adbc	0.1.0+7f89c78	plugin/PeridotPanel.qml
9e10fdd9ce988cdc622112b56df6e5f8589a5b21362fe03c84a82ccd7984a700	0.1.0+7f89c78	plugin/PeridotService.qml
bf768617f37c542cb6fd9162fc6aba6866e474fd3b75db5a90bdbc76cd07bdae	0.1.0+03cd27e	plugin/PeridotService.qml
50f26aab93cd3f50127c294915f2a7e5717a45369c5dd7867b5e640ecfdf49c0	0.1.0+03cd27e	plugin/SettingsView.qml
8913e70a205dfb064975f481dd6a4ba05025f735333389c8eb9121c577217db4	0.1.0+2088383	plugin/SettingsView.qml
92082fd1f116d80a99f0cbd756b3ec3058bf878a86c659d6890062eee7131fa7	0.1.0+7f89c78	plugin/SettingsView.qml
934427dc2d9849e6a52d317c63b8ba3b6c8ffd1e56000784c60b53e82c40dbb4	0.1.0+03cd27e	plugin/SharesView.qml
a0a83c1e232a784879d81bbab1983fbc7dbdce5686479d42eeafd2bd09b54e1c	0.1.0+7fb264a	plugin/SharesView.qml
6791b262ad224f288604a46a03f59261eaf8420e67a3413d5b1510ab7ea45465	0.1.0+7f89c78	plugin/WelcomeView.qml
84d6c4b8c191ff0d038596a7c684c1dfb1e15b35c2e840db6d962d41e366c041	0.1.0+03cd27e	plugin/WelcomeView.qml
9869ff5b8f048f5e5b1d19033d879aa5093978d794fa377eee4683dbfbbbcd7d	0.1.0+2088383	plugin/WelcomeView.qml
7d3f9c53c1a923add8bfbbd04583e0d98d48ed55052cd75ca80309c6d67b16f0	0.1.0+03cd27e	plugin/Widget.qml
cb0a1f0fcd53b7237c6674264a79e71bd7f5b6b099fd3f5251b7e411234bd3a2	0.1.0+7f89c78	plugin/Widget.qml
670a0512af9cfaae97a17e5744f8855389f2dd0e90603353a00329a89adb2a66	v0.1.1	plugin/manifest.json
699386b37734230eb69a4f52c17b769b7c5773f256d238883d68abef70748295	0.1.0+7f89c78	plugin/manifest.json
d5ac5a78e0d7c0c455e8cbca07eaa7068adacf9954f978935f8f708d3e46796d	0.1.0+2088383	plugin/util.js
e02713c2187d58c27b242b722301fc0c12f2adf1d7ababaf3305c249a5e20fe4	0.1.0+7f89c78	plugin/util.js
499d897dd6ea0df05bcbb5ede1a5031d880a14193d5f6d680cbc8ed10af13dc6	0.1.0+46a1953	unit
52487e6beb81bd1094ba80e06c78cdb67524c858550d56b002db4a4ecb4962b5	0.1.0+233f104	unit
f4050c83a17081c44d9a063446191b84f920ed68f6fe02bc1ec8367578c25c71	0.1.0+7f89c78	unit
